"","X","participant","scn_file","scn_cat","obj_cat_top","min_resp_top","max_resp_top","slider.response","slider.rt","iteration_index","corr_rat","group"
"1",241,1,"stim/11.jpeg",1,"Music items",45,55,14,13.34500003,1,50,1
"2",243,1,"stim/21.jpeg",2,"Household items",45,55,9,7.086999893,1,50,1
"3",244,1,"stim/31.jpeg",3,"Music items",65,75,40,5.186000109,1,70,1
"4",242,1,"stim/41.jpeg",4,"Music items",65,75,40,8.052999973,1,70,1
"5",246,1,"stim/51.jpeg",5,"Household items",5,15,82,4.970000029,1,10,1
"6",245,1,"stim/61.jpeg",6,"Music items",5,15,81,10.421,1,10,1
"7",582,1,"stim/11.jpeg",1,"Music items",45,55,14,7.730000019,2,50,1
"8",579,1,"stim/21.jpeg",2,"Household items",45,55,16,7.736999989,2,50,1
"9",581,1,"stim/31.jpeg",3,"Music items",65,75,50,4.204999924,2,70,1
"10",578,1,"stim/41.jpeg",4,"Music items",65,75,55,7.601999998,2,70,1
"11",580,1,"stim/51.jpeg",5,"Household items",5,15,80,5.835999966,2,10,1
"12",583,1,"stim/61.jpeg",6,"Music items",5,15,31,5.836000204,2,10,1
"13",244,2,"stim/11.jpeg",1,"Household items",45,55,32,5.605999947,1,50,1
"14",242,2,"stim/21.jpeg",2,"Music items",45,55,63,5.505999804,1,50,1
"15",241,2,"stim/31.jpeg",3,"Household items",65,75,93,6.114000082,1,70,1
"16",243,2,"stim/41.jpeg",4,"Household items",65,75,100,5.034000158,1,70,1
"17",245,2,"stim/51.jpeg",5,"Music items",5,15,58,5.661000013,1,10,1
"18",246,2,"stim/61.jpeg",6,"Household items",5,15,14,3.093999863,1,10,1
"19",578,2,"stim/11.jpeg",1,"Household items",45,55,20,5.401000023,2,50,1
"20",582,2,"stim/21.jpeg",2,"Music items",45,55,64,4.148000002,2,50,1
"21",581,2,"stim/31.jpeg",3,"Household items",65,75,0,2.657999992,2,70,1
"22",579,2,"stim/41.jpeg",4,"Household items",65,75,0,3.02699995,2,70,1
"23",580,2,"stim/51.jpeg",5,"Music items",5,15,60,18.06500006,2,10,1
"24",583,2,"stim/61.jpeg",6,"Household items",5,15,36,2.287999868,2,10,1
"25",241,3,"stim/11.jpeg",1,"Music items",45,55,51,5.721000195,1,50,1
"26",242,3,"stim/21.jpeg",2,"Household items",45,55,68,3.454999924,1,50,1
"27",244,3,"stim/31.jpeg",3,"Music items",65,75,34,5.253000021,1,70,1
"28",245,3,"stim/41.jpeg",4,"Music items",65,75,62,2.953999996,1,70,1
"29",243,3,"stim/51.jpeg",5,"Household items",5,15,86,2.861999989,1,10,1
"30",246,3,"stim/61.jpeg",6,"Music items",5,15,83,2.677000046,1,10,1
"31",579,3,"stim/11.jpeg",1,"Music items",45,55,60,5.492999792,2,50,1
"32",582,3,"stim/21.jpeg",2,"Household items",45,55,70,3.578000069,2,50,1
"33",578,3,"stim/31.jpeg",3,"Music items",65,75,50,5.170000076,2,70,1
"34",583,3,"stim/41.jpeg",4,"Music items",65,75,73,2.953999996,2,70,1
"35",581,3,"stim/51.jpeg",5,"Household items",5,15,80,4.767999887,2,10,1
"36",580,3,"stim/61.jpeg",6,"Music items",5,15,91,4.832999945,2,10,1
"37",246,4,"stim/11.jpeg",1,"Household items",45,55,10,5.537000179,1,50,1
"38",245,4,"stim/21.jpeg",2,"Music items",45,55,10,5.236999989,1,50,1
"39",241,4,"stim/31.jpeg",3,"Household items",65,75,40,6.048999786,1,70,1
"40",242,4,"stim/41.jpeg",4,"Household items",65,75,50,4.086999893,1,70,1
"41",243,4,"stim/51.jpeg",5,"Music items",5,15,70,9.148000002,1,10,1
"42",244,4,"stim/61.jpeg",6,"Household items",5,15,43,3.92599988,1,10,1
"43",578,4,"stim/11.jpeg",1,"Household items",45,55,10,9.309000015,2,50,1
"44",579,4,"stim/21.jpeg",2,"Music items",45,55,10,2.869999886,2,50,1
"45",581,4,"stim/31.jpeg",3,"Household items",65,75,50,3.707999945,2,70,1
"46",580,4,"stim/41.jpeg",4,"Household items",65,75,40,5.272000074,2,70,1
"47",583,4,"stim/51.jpeg",5,"Music items",5,15,75,4.355000019,2,10,1
"48",582,4,"stim/61.jpeg",6,"Household items",5,15,60,3.109999895,2,10,1
"49",243,5,"stim/11.jpeg",1,"Household items",45,55,60,5.898000002,1,50,1
"50",245,5,"stim/21.jpeg",2,"Music items",45,55,41,4.996999979,1,50,1
"51",244,5,"stim/31.jpeg",3,"Household items",65,75,10,5.390000105,1,70,1
"52",241,5,"stim/41.jpeg",4,"Household items",65,75,30,23.704,1,70,1
"53",242,5,"stim/51.jpeg",5,"Music items",5,15,95,7.243000031,1,10,1
"54",246,5,"stim/61.jpeg",6,"Household items",5,15,75,5.062999964,1,10,1
"55",582,5,"stim/11.jpeg",1,"Household items",45,55,60,6.653999805,2,50,1
"56",578,5,"stim/21.jpeg",2,"Music items",45,55,45,11.07799983,2,50,1
"57",581,5,"stim/31.jpeg",3,"Household items",65,75,14,4.321000099,2,70,1
"58",580,5,"stim/41.jpeg",4,"Household items",65,75,75,4.565999985,2,70,1
"59",583,5,"stim/51.jpeg",5,"Music items",5,15,90,4.84499979,2,10,1
"60",579,5,"stim/61.jpeg",6,"Household items",5,15,76,5.727999926,2,10,1
"61",244,6,"stim/11.jpeg",1,"Music items",45,55,10,3.469000101,1,50,1
"62",243,6,"stim/21.jpeg",2,"Household items",45,55,10,4.279999971,1,50,1
"63",246,6,"stim/31.jpeg",3,"Music items",65,75,32,4.618000031,1,70,1
"64",245,6,"stim/41.jpeg",4,"Music items",65,75,57,4.673000097,1,70,1
"65",241,6,"stim/51.jpeg",5,"Household items",5,15,68,11.64499998,1,10,1
"66",242,6,"stim/61.jpeg",6,"Music items",5,15,81,4.101999998,1,10,1
"67",578,6,"stim/11.jpeg",1,"Music items",45,55,15,5.164000034,2,50,1
"68",582,6,"stim/21.jpeg",2,"Household items",45,55,20,3.325999975,2,50,1
"69",580,6,"stim/31.jpeg",3,"Music items",65,75,30,5.126000166,2,70,1
"70",583,6,"stim/41.jpeg",4,"Music items",65,75,40,4.312999964,2,70,1
"71",581,6,"stim/51.jpeg",5,"Household items",5,15,66,4.090000153,2,10,1
"72",579,6,"stim/61.jpeg",6,"Music items",5,15,80,3.319000006,2,10,1
"73",242,7,"stim/11.jpeg",1,"Household items",45,55,20,4.983999968,1,50,1
"74",246,7,"stim/21.jpeg",2,"Music items",45,55,20,6.710999966,1,50,1
"75",241,7,"stim/31.jpeg",3,"Household items",65,75,10,5.951999903,1,70,1
"76",244,7,"stim/41.jpeg",4,"Household items",65,75,90,4.032000065,1,70,1
"77",243,7,"stim/51.jpeg",5,"Music items",5,15,47,7.674999952,1,10,1
"78",245,7,"stim/61.jpeg",6,"Household items",5,15,40,9.57400012,1,10,1
"79",583,7,"stim/11.jpeg",1,"Household items",45,55,10,6.593000174,2,50,1
"80",582,7,"stim/21.jpeg",2,"Music items",45,55,13,9.977999926,2,50,1
"81",581,7,"stim/31.jpeg",3,"Household items",65,75,14,6.58100009,2,70,1
"82",578,7,"stim/41.jpeg",4,"Household items",65,75,96,8.145999908,2,70,1
"83",579,7,"stim/51.jpeg",5,"Music items",5,15,50,5.684000015,2,10,1
"84",580,7,"stim/61.jpeg",6,"Household items",5,15,40,8.66899991,2,10,1
"85",243,8,"stim/11.jpeg",1,"Music items",45,55,40,7.313999891,1,50,1
"86",242,8,"stim/21.jpeg",2,"Household items",45,55,70,9.457999945,1,50,1
"87",244,8,"stim/31.jpeg",3,"Music items",65,75,40,5.640000105,1,70,1
"88",246,8,"stim/41.jpeg",4,"Music items",65,75,86,3.573000193,1,70,1
"89",241,8,"stim/51.jpeg",5,"Household items",5,15,80,9.263000011,1,10,1
"90",245,8,"stim/61.jpeg",6,"Music items",5,15,90,6.187999964,1,10,1
"91",578,8,"stim/11.jpeg",1,"Music items",45,55,60,7.259000063,2,50,1
"92",581,8,"stim/21.jpeg",2,"Household items",45,55,50,5.470999956,2,50,1
"93",580,8,"stim/31.jpeg",3,"Music items",65,75,20,5.786000013,2,70,1
"94",579,8,"stim/41.jpeg",4,"Music items",65,75,90,5.803999901,2,70,1
"95",582,8,"stim/51.jpeg",5,"Household items",5,15,90,3.960000038,2,10,1
"96",583,8,"stim/61.jpeg",6,"Music items",5,15,90,5.554999828,2,10,1
"97",246,9,"stim/11.jpeg",1,"Household items",45,55,10,6.603000164,1,50,1
"98",242,9,"stim/21.jpeg",2,"Music items",45,55,10,5.210000038,1,50,1
"99",244,9,"stim/31.jpeg",3,"Household items",65,75,80,4.063999891,1,70,1
"100",243,9,"stim/41.jpeg",4,"Household items",65,75,60,12.99699998,1,70,1
"101",241,9,"stim/51.jpeg",5,"Music items",5,15,90,16.76499987,1,10,1
"102",245,9,"stim/61.jpeg",6,"Household items",5,15,90,5.967999935,1,10,1
"103",583,9,"stim/11.jpeg",1,"Household items",45,55,10,6.220000029,2,50,1
"104",579,9,"stim/21.jpeg",2,"Music items",45,55,10,5.53399992,2,50,1
"105",581,9,"stim/31.jpeg",3,"Household items",65,75,60,6.552999973,2,70,1
"106",582,9,"stim/41.jpeg",4,"Household items",65,75,40,7.373000145,2,70,1
"107",580,9,"stim/51.jpeg",5,"Music items",5,15,90,4.898000002,2,10,1
"108",578,9,"stim/61.jpeg",6,"Household items",5,15,90,7.799000025,2,10,1
"109",243,10,"stim/11.jpeg",1,"Household items",45,55,50,3.635999918,1,50,1
"110",245,10,"stim/21.jpeg",2,"Music items",45,55,80,5.513000011,1,50,1
"111",241,10,"stim/31.jpeg",3,"Household items",65,75,12,7.542999983,1,70,1
"112",246,10,"stim/41.jpeg",4,"Household items",65,75,70,6.802000046,1,70,1
"113",242,10,"stim/51.jpeg",5,"Music items",5,15,80,6.088000059,1,10,1
"114",244,10,"stim/61.jpeg",6,"Household items",5,15,90,5.284000158,1,10,1
"115",581,10,"stim/11.jpeg",1,"Household items",45,55,40,7.417999983,2,50,1
"116",582,10,"stim/21.jpeg",2,"Music items",45,55,30,10.13700008,2,50,1
"117",579,10,"stim/31.jpeg",3,"Household items",65,75,20,10.20000005,2,70,1
"118",583,10,"stim/41.jpeg",4,"Household items",65,75,70,9.879000187,2,70,1
"119",578,10,"stim/51.jpeg",5,"Music items",5,15,90,8.444000006,2,10,1
"120",580,10,"stim/61.jpeg",6,"Household items",5,15,95,6.536999941,2,10,1
"121",245,11,"stim/11.jpeg",1,"Music items",45,55,10,5.101000071,1,50,1
"122",243,11,"stim/21.jpeg",2,"Household items",45,55,0,4.022000074,1,50,1
"123",246,11,"stim/31.jpeg",3,"Music items",65,75,90,6.042000055,1,70,1
"124",241,11,"stim/41.jpeg",4,"Music items",65,75,50,8.667999983,1,70,1
"125",242,11,"stim/51.jpeg",5,"Household items",5,15,100,8.885999918,1,10,1
"126",244,11,"stim/61.jpeg",6,"Music items",5,15,50,3.768000126,1,10,1
"127",579,11,"stim/11.jpeg",1,"Music items",45,55,0,4.717000008,2,50,1
"128",582,11,"stim/21.jpeg",2,"Household items",45,55,10,4.419000149,2,50,1
"129",583,11,"stim/31.jpeg",3,"Music items",65,75,80,5.916999817,2,70,1
"130",578,11,"stim/41.jpeg",4,"Music items",65,75,40,6.096999884,2,70,1
"131",580,11,"stim/51.jpeg",5,"Household items",5,15,100,4.555000067,2,10,1
"132",581,11,"stim/61.jpeg",6,"Music items",5,15,50,3.404000044,2,10,1
"133",241,12,"stim/11.jpeg",1,"Household items",45,55,11,14.7349999,1,50,1
"134",245,12,"stim/21.jpeg",2,"Music items",45,55,16,18.89999986,1,50,1
"135",242,12,"stim/31.jpeg",3,"Household items",65,75,8,12.59100008,1,70,1
"136",244,12,"stim/41.jpeg",4,"Household items",65,75,82,5.833000183,1,70,1
"137",246,12,"stim/51.jpeg",5,"Music items",5,15,75,5.881000042,1,10,1
"138",243,12,"stim/61.jpeg",6,"Household items",5,15,64,64.4460001,1,10,1
"139",579,12,"stim/11.jpeg",1,"Household items",45,55,14,14.00100017,2,50,1
"140",583,12,"stim/21.jpeg",2,"Music items",45,55,33,16.99000001,2,50,1
"141",580,12,"stim/31.jpeg",3,"Household items",65,75,16,9.599000216,2,70,1
"142",582,12,"stim/41.jpeg",4,"Household items",65,75,79,12.14400005,2,70,1
"143",578,12,"stim/51.jpeg",5,"Music items",5,15,68,12.24900007,2,10,1
"144",581,12,"stim/61.jpeg",6,"Household items",5,15,42,9.953999996,2,10,1
"145",244,13,"stim/11.jpeg",1,"Music items",45,55,50,3.910000086,1,50,1
"146",245,13,"stim/21.jpeg",2,"Household items",45,55,40,9.684000015,1,50,1
"147",246,13,"stim/31.jpeg",3,"Music items",65,75,20,8.623000145,1,70,1
"148",243,13,"stim/41.jpeg",4,"Music items",65,75,70,6.947000027,1,70,1
"149",242,13,"stim/51.jpeg",5,"Household items",5,15,93,13.93499994,1,10,1
"150",241,13,"stim/61.jpeg",6,"Music items",5,15,90,5.246000051,1,10,1
"151",583,13,"stim/11.jpeg",1,"Music items",45,55,60,4.164999962,2,50,1
"152",580,13,"stim/21.jpeg",2,"Household items",45,55,71,7.612999916,2,50,1
"153",581,13,"stim/31.jpeg",3,"Music items",65,75,30,7.01699996,2,70,1
"154",578,13,"stim/41.jpeg",4,"Music items",65,75,50,5.75999999,2,70,1
"155",582,13,"stim/51.jpeg",5,"Household items",5,15,80,5.299999952,2,10,1
"156",579,13,"stim/61.jpeg",6,"Music items",5,15,80,3.802999973,2,10,1
"157",244,14,"stim/11.jpeg",1,"Household items",45,55,90,2.501999855,1,50,1
"158",242,14,"stim/21.jpeg",2,"Music items",45,55,4,5.414000034,1,50,1
"159",241,14,"stim/31.jpeg",3,"Household items",65,75,40,7.713999987,1,70,1
"160",245,14,"stim/41.jpeg",4,"Household items",65,75,10,6.20299983,1,70,1
"161",243,14,"stim/51.jpeg",5,"Music items",5,15,80,4.296999931,1,10,1
"162",246,14,"stim/61.jpeg",6,"Household items",5,15,60,7.260999918,1,10,1
"163",578,14,"stim/11.jpeg",1,"Household items",45,55,16,5.326999903,2,50,1
"164",581,14,"stim/21.jpeg",2,"Music items",45,55,4,7.390999794,2,50,1
"165",583,14,"stim/31.jpeg",3,"Household items",65,75,20,6.178000212,2,70,1
"166",579,14,"stim/41.jpeg",4,"Household items",65,75,30,3.297999859,2,70,1
"167",582,14,"stim/51.jpeg",5,"Music items",5,15,89,4.166000128,2,10,1
"168",580,14,"stim/61.jpeg",6,"Household items",5,15,43,3.631999969,2,10,1
"169",245,15,"stim/11.jpeg",1,"Household items",45,55,40,10.37299991,1,50,1
"170",242,15,"stim/21.jpeg",2,"Music items",45,55,32,6.517999887,1,50,1
"171",244,15,"stim/31.jpeg",3,"Household items",65,75,20,5.302999973,1,70,1
"172",241,15,"stim/41.jpeg",4,"Household items",65,75,78,8.521999836,1,70,1
"173",246,15,"stim/51.jpeg",5,"Music items",5,15,88,4.312999964,1,10,1
"174",243,15,"stim/61.jpeg",6,"Household items",5,15,87,5.101000071,1,10,1
"175",580,15,"stim/11.jpeg",1,"Household items",45,55,50,7.869000196,2,50,1
"176",579,15,"stim/21.jpeg",2,"Music items",45,55,38,8.286999941,2,50,1
"177",581,15,"stim/31.jpeg",3,"Household items",65,75,19,4.236999989,2,70,1
"178",582,15,"stim/41.jpeg",4,"Household items",65,75,80,3.239000082,2,70,1
"179",583,15,"stim/51.jpeg",5,"Music items",5,15,90,3.52699995,2,10,1
"180",578,15,"stim/61.jpeg",6,"Household items",5,15,80,5.139000177,2,10,1
"181",244,16,"stim/11.jpeg",1,"Music items",45,55,15,5.398000002,1,50,1
"182",243,16,"stim/21.jpeg",2,"Household items",45,55,20,5.738999844,1,50,1
"183",241,16,"stim/31.jpeg",3,"Music items",65,75,65,9.638000011,1,70,1
"184",242,16,"stim/41.jpeg",4,"Music items",65,75,56,6.698999882,1,70,1
"185",245,16,"stim/51.jpeg",5,"Household items",5,15,45,8.464999914,1,10,1
"186",246,16,"stim/61.jpeg",6,"Music items",5,15,75,7.825000048,1,10,1
"187",582,16,"stim/11.jpeg",1,"Music items",45,55,15,5.644000053,2,50,1
"188",578,16,"stim/21.jpeg",2,"Household items",45,55,40,8.688999891,2,50,1
"189",581,16,"stim/31.jpeg",3,"Music items",65,75,51,7.513000011,2,70,1
"190",579,16,"stim/41.jpeg",4,"Music items",65,75,60,8.998000145,2,70,1
"191",583,16,"stim/51.jpeg",5,"Household items",5,15,NA,NA,2,10,1
"192",580,16,"stim/61.jpeg",6,"Music items",5,15,75,4.971999884,2,10,1
"193",243,17,"stim/11.jpeg",1,"Household items",45,55,29,4.651000023,1,50,1
"194",245,17,"stim/21.jpeg",2,"Music items",45,55,83,2.115999937,1,50,1
"195",242,17,"stim/31.jpeg",3,"Household items",65,75,10,4.760999918,1,70,1
"196",246,17,"stim/41.jpeg",4,"Household items",65,75,91,2.200000048,1,70,1
"197",241,17,"stim/51.jpeg",5,"Music items",5,15,51,71.56499982,1,10,1
"198",244,17,"stim/61.jpeg",6,"Household items",5,15,37,8.179000139,1,10,1
"199",582,17,"stim/11.jpeg",1,"Household items",45,55,23,4.289999962,2,50,1
"200",583,17,"stim/21.jpeg",2,"Music items",45,55,17,4.557999849,2,50,1
"201",580,17,"stim/31.jpeg",3,"Household items",65,75,11,8.769999981,2,70,1
"202",578,17,"stim/41.jpeg",4,"Household items",65,75,86,6.437000036,2,70,1
"203",579,17,"stim/51.jpeg",5,"Music items",5,15,50,2.686000109,2,10,1
"204",581,17,"stim/61.jpeg",6,"Household items",5,15,40,5.773999929,2,10,1
"205",242,18,"stim/11.jpeg",1,"Music items",45,55,11,9.42200017,1,50,1
"206",246,18,"stim/21.jpeg",2,"Household items",45,55,59,9.84800005,1,50,1
"207",241,18,"stim/31.jpeg",3,"Music items",65,75,24,22.61999989,1,70,1
"208",243,18,"stim/41.jpeg",4,"Music items",65,75,100,6.320000172,1,70,1
"209",245,18,"stim/51.jpeg",5,"Household items",5,15,92,6.917999983,1,10,1
"210",244,18,"stim/61.jpeg",6,"Music items",5,15,90,7.889999866,1,10,1
"211",580,18,"stim/11.jpeg",1,"Music items",45,55,48,12.81399989,2,50,1
"212",581,18,"stim/21.jpeg",2,"Household items",45,55,45,11.12100005,2,50,1
"213",578,18,"stim/31.jpeg",3,"Music items",65,75,87,11.44199991,2,70,1
"214",582,18,"stim/41.jpeg",4,"Music items",65,75,96,10.76300001,2,70,1
"215",583,18,"stim/51.jpeg",5,"Household items",5,15,96,7.666999817,2,10,1
"216",579,18,"stim/61.jpeg",6,"Music items",5,15,99,11.12699986,2,10,1
"217",245,19,"stim/11.jpeg",1,"Household items",45,55,5,4.523999929,1,50,1
"218",242,19,"stim/21.jpeg",2,"Music items",45,55,20,5.453999996,1,50,1
"219",246,19,"stim/31.jpeg",3,"Household items",65,75,60,8.470000029,1,70,1
"220",241,19,"stim/41.jpeg",4,"Household items",65,75,50,7.187999964,1,70,1
"221",244,19,"stim/51.jpeg",5,"Music items",5,15,50,4.601000071,1,10,1
"222",243,19,"stim/61.jpeg",6,"Household items",5,15,85,8.31099987,1,10,1
"223",579,19,"stim/11.jpeg",1,"Household items",45,55,5,6.383999825,2,50,1
"224",578,19,"stim/21.jpeg",2,"Music items",45,55,5,6.072999954,2,50,1
"225",583,19,"stim/31.jpeg",3,"Household items",65,75,50,3.932999849,2,70,1
"226",580,19,"stim/41.jpeg",4,"Household items",65,75,55,11.24600005,2,70,1
"227",582,19,"stim/51.jpeg",5,"Music items",5,15,85,4.632999897,2,10,1
"228",581,19,"stim/61.jpeg",6,"Household items",5,15,70,4.051000118,2,10,1
"229",246,20,"stim/11.jpeg",1,"Household items",45,55,40,4.396999836,1,50,1
"230",243,20,"stim/21.jpeg",2,"Music items",45,55,30,7.986000061,1,50,1
"231",241,20,"stim/31.jpeg",3,"Household items",65,75,10,8.578999996,1,70,1
"232",245,20,"stim/41.jpeg",4,"Household items",65,75,75,7.465000153,1,70,1
"233",242,20,"stim/51.jpeg",5,"Music items",5,15,95,3.835000038,1,10,1
"234",244,20,"stim/61.jpeg",6,"Household items",5,15,90,4.428999901,1,10,1
"235",583,20,"stim/11.jpeg",1,"Household items",45,55,24,3.256999969,2,50,1
"236",582,20,"stim/21.jpeg",2,"Music items",45,55,70,7.340000153,2,50,1
"237",578,20,"stim/31.jpeg",3,"Household items",65,75,16,10.07800007,2,70,1
"238",581,20,"stim/41.jpeg",4,"Household items",65,75,80,5.986999989,2,70,1
"239",580,20,"stim/51.jpeg",5,"Music items",5,15,90,3.336000204,2,10,1
"240",579,20,"stim/61.jpeg",6,"Household items",5,15,94,5.820000172,2,10,1
"241",243,21,"stim/11.jpeg",1,"Music items",45,55,19,9.428999901,1,50,1
"242",244,21,"stim/21.jpeg",2,"Household items",45,55,23,5.960999966,1,50,1
"243",241,21,"stim/31.jpeg",3,"Music items",65,75,33,10.26400018,1,70,1
"244",242,21,"stim/41.jpeg",4,"Music items",65,75,58,5.128999949,1,70,1
"245",245,21,"stim/51.jpeg",5,"Household items",5,15,44,8.412999868,1,10,1
"246",246,21,"stim/61.jpeg",6,"Music items",5,15,35,12.85900021,1,10,1
"247",582,21,"stim/11.jpeg",1,"Music items",45,55,10,7.246000051,2,50,1
"248",583,21,"stim/21.jpeg",2,"Household items",45,55,28,6.378999949,2,50,1
"249",579,21,"stim/31.jpeg",3,"Music items",65,75,37,6.263000011,2,70,1
"250",580,21,"stim/41.jpeg",4,"Music items",65,75,50,4.702000141,2,70,1
"251",581,21,"stim/51.jpeg",5,"Household items",5,15,54,5.350000143,2,10,1
"252",578,21,"stim/61.jpeg",6,"Music items",5,15,76,9.104000092,2,10,1
"253",244,22,"stim/11.jpeg",1,"Household items",45,55,35,6.684999943,1,50,1
"254",245,22,"stim/21.jpeg",2,"Music items",45,55,9,4.644000053,1,50,1
"255",246,22,"stim/31.jpeg",3,"Household items",65,75,21,5.072999954,1,70,1
"256",243,22,"stim/41.jpeg",4,"Household items",65,75,97,5.42200017,1,70,1
"257",241,22,"stim/51.jpeg",5,"Music items",5,15,34,8.513999939,1,10,1
"258",242,22,"stim/61.jpeg",6,"Household items",5,15,61,8.825999975,1,10,1
"259",582,22,"stim/11.jpeg",1,"Household items",45,55,34,5.386000156,2,50,1
"260",580,22,"stim/21.jpeg",2,"Music items",45,55,26,6.705000162,2,50,1
"261",583,22,"stim/31.jpeg",3,"Household items",65,75,17,4.854999781,2,70,1
"262",581,22,"stim/41.jpeg",4,"Household items",65,75,90,5.275000095,2,70,1
"263",578,22,"stim/51.jpeg",5,"Music items",5,15,46,7.965999842,2,10,1
"264",579,22,"stim/61.jpeg",6,"Household items",5,15,60,5.878000021,2,10,1
"265",245,23,"stim/11.jpeg",1,"Music items",45,55,70,3.680000067,1,50,1
"266",242,23,"stim/21.jpeg",2,"Household items",45,55,80,3.088999987,1,50,1
"267",243,23,"stim/31.jpeg",3,"Music items",65,75,57,7.23300004,1,70,1
"268",244,23,"stim/41.jpeg",4,"Music items",65,75,80,4.394000053,1,70,1
"269",246,23,"stim/51.jpeg",5,"Household items",5,15,80,5.319000006,1,10,1
"270",241,23,"stim/61.jpeg",6,"Music items",5,15,86,5.375999928,1,10,1
"271",580,23,"stim/11.jpeg",1,"Music items",45,55,52,6.435000181,2,50,1
"272",579,23,"stim/21.jpeg",2,"Household items",45,55,35,6.499000072,2,50,1
"273",582,23,"stim/31.jpeg",3,"Music items",65,75,57,4.38499999,2,70,1
"274",583,23,"stim/41.jpeg",4,"Music items",65,75,84,2.683000088,2,70,1
"275",581,23,"stim/51.jpeg",5,"Household items",5,15,75,2.756000042,2,10,1
"276",578,23,"stim/61.jpeg",6,"Music items",5,15,80,9.817000151,2,10,1
"277",245,24,"stim/11.jpeg",1,"Household items",45,55,74,2.812999964,1,50,1
"278",243,24,"stim/21.jpeg",2,"Music items",45,55,94,3.27699995,1,50,1
"279",246,24,"stim/31.jpeg",3,"Household items",65,75,19,2.907999992,1,70,1
"280",242,24,"stim/41.jpeg",4,"Household items",65,75,41,4.211000204,1,70,1
"281",241,24,"stim/51.jpeg",5,"Music items",5,15,13,4.154999971,1,10,1
"282",244,24,"stim/61.jpeg",6,"Household items",5,15,26,4.893999815,1,10,1
"283",582,24,"stim/11.jpeg",1,"Household items",45,55,89,2.977999926,2,50,1
"284",579,24,"stim/21.jpeg",2,"Music items",45,55,94,3.880000114,2,50,1
"285",578,24,"stim/31.jpeg",3,"Household items",65,75,39,5.157000065,2,70,1
"286",581,24,"stim/41.jpeg",4,"Household items",65,75,20,1.898000002,2,70,1
"287",580,24,"stim/51.jpeg",5,"Music items",5,15,27,2.72300005,2,10,1
"288",583,24,"stim/61.jpeg",6,"Household items",5,15,63,2.908000231,2,10,1
"289",241,25,"stim/11.jpeg",1,"Household items",45,55,67,11.1400001,1,50,1
"290",244,25,"stim/21.jpeg",2,"Music items",45,55,50,5.258999825,1,50,1
"291",242,25,"stim/31.jpeg",3,"Household items",65,75,10,8.730000019,1,70,1
"292",246,25,"stim/41.jpeg",4,"Household items",65,75,84,5.782000065,1,70,1
"293",245,25,"stim/51.jpeg",5,"Music items",5,15,95,3.963000059,1,10,1
"294",243,25,"stim/61.jpeg",6,"Household items",5,15,91,8.828999996,1,10,1
"295",583,25,"stim/11.jpeg",1,"Household items",45,55,50,4.210000038,2,50,1
"296",581,25,"stim/21.jpeg",2,"Music items",45,55,40,5.753999949,2,50,1
"297",580,25,"stim/31.jpeg",3,"Household items",65,75,28,9.797999859,2,70,1
"298",582,25,"stim/41.jpeg",4,"Household items",65,75,73,7.290999889,2,70,1
"299",579,25,"stim/51.jpeg",5,"Music items",5,15,90,3.151000023,2,10,1
"300",578,25,"stim/61.jpeg",6,"Household items",5,15,94,6.450999975,2,10,1
"301",242,26,"stim/11.jpeg",1,"Music items",45,55,10,4.011999846,1,50,1
"302",241,26,"stim/21.jpeg",2,"Household items",45,55,5,7.322999954,1,50,1
"303",245,26,"stim/31.jpeg",3,"Music items",65,75,41,2.900000095,1,70,1
"304",246,26,"stim/41.jpeg",4,"Music items",65,75,50,2.726000071,1,70,1
"305",243,26,"stim/51.jpeg",5,"Household items",5,15,71,5.184999943,1,10,1
"306",244,26,"stim/61.jpeg",6,"Music items",5,15,76,5.965999842,1,10,1
"307",583,26,"stim/11.jpeg",1,"Music items",45,55,1,2.713000059,2,50,1
"308",580,26,"stim/21.jpeg",2,"Household items",45,55,8,2.539000034,2,50,1
"309",578,26,"stim/31.jpeg",3,"Music items",65,75,40,7.095999956,2,70,1
"310",581,26,"stim/41.jpeg",4,"Music items",65,75,52,5.049999952,2,70,1
"311",579,26,"stim/51.jpeg",5,"Household items",5,15,50,2.420000076,2,10,1
"312",582,26,"stim/61.jpeg",6,"Music items",5,15,45,1.845000029,2,10,1
"313",241,27,"stim/11.jpeg",1,"Household items",45,55,20,9.930999994,1,50,1
"314",244,27,"stim/21.jpeg",2,"Music items",45,55,30,6.210000038,1,50,1
"315",242,27,"stim/31.jpeg",3,"Household items",65,75,0,5.690000057,1,70,1
"316",245,27,"stim/41.jpeg",4,"Household items",65,75,100,4.186000109,1,70,1
"317",246,27,"stim/51.jpeg",5,"Music items",5,15,50,17.94799995,1,10,1
"318",243,27,"stim/61.jpeg",6,"Household items",5,15,50,4.796000004,1,10,1
"319",581,27,"stim/11.jpeg",1,"Household items",45,55,20,8.737999916,2,50,1
"320",580,27,"stim/21.jpeg",2,"Music items",45,55,NA,NA,2,50,1
"321",578,27,"stim/31.jpeg",3,"Household items",65,75,0,5.046999931,2,70,1
"322",583,27,"stim/41.jpeg",4,"Household items",65,75,90,4.885999918,2,70,1
"323",582,27,"stim/51.jpeg",5,"Music items",5,15,50,5.112999916,2,10,1
"324",579,27,"stim/61.jpeg",6,"Household items",5,15,50,4.071000099,2,10,1
"325",244,28,"stim/11.jpeg",1,"Music items",45,55,50,3.999000072,1,50,1
"326",243,28,"stim/21.jpeg",2,"Household items",45,55,38,2.534999847,1,50,1
"327",242,28,"stim/31.jpeg",3,"Music items",65,75,54,2.246999979,1,70,1
"328",245,28,"stim/41.jpeg",4,"Music items",65,75,69,3.116000175,1,70,1
"329",241,28,"stim/51.jpeg",5,"Household items",5,15,75,47.48600006,1,10,1
"330",246,28,"stim/61.jpeg",6,"Music items",5,15,80,2.805000067,1,10,1
"331",582,28,"stim/11.jpeg",1,"Music items",45,55,40,5.09800005,2,50,1
"332",580,28,"stim/21.jpeg",2,"Household items",45,55,60,3.916999817,2,50,1
"333",581,28,"stim/31.jpeg",3,"Music items",65,75,35,4.638000011,2,70,1
"334",578,28,"stim/41.jpeg",4,"Music items",65,75,75,5.625999928,2,70,1
"335",583,28,"stim/51.jpeg",5,"Household items",5,15,95,10.35000014,2,10,1
"336",579,28,"stim/61.jpeg",6,"Music items",5,15,94,4.596999884,2,10,1
"337",245,29,"stim/11.jpeg",1,"Household items",45,55,20,3.593999863,1,50,1
"338",242,29,"stim/21.jpeg",2,"Music items",45,55,10,7.352999926,1,50,1
"339",246,29,"stim/31.jpeg",3,"Household items",65,75,60,5.720000029,1,70,1
"340",243,29,"stim/41.jpeg",4,"Household items",65,75,50,5.703000069,1,70,1
"341",244,29,"stim/51.jpeg",5,"Music items",5,15,61,3.526000023,1,10,1
"342",241,29,"stim/61.jpeg",6,"Household items",5,15,80,7.138999939,1,10,1
"343",581,29,"stim/11.jpeg",1,"Household items",45,55,85,7.819999933,2,50,1
"344",580,29,"stim/21.jpeg",2,"Music items",45,55,5,7.190000057,2,50,1
"345",583,29,"stim/31.jpeg",3,"Household items",65,75,60,6.384000063,2,70,1
"346",582,29,"stim/41.jpeg",4,"Household items",65,75,50,6.88499999,2,70,1
"347",578,29,"stim/51.jpeg",5,"Music items",5,15,60,6.851999998,2,10,1
"348",579,29,"stim/61.jpeg",6,"Household items",5,15,80,8.588000059,2,10,1
"349",242,30,"stim/11.jpeg",1,"Household items",45,55,70,3.437000036,1,50,1
"350",245,30,"stim/21.jpeg",2,"Music items",45,55,19,4.914000034,1,50,1
"351",244,30,"stim/31.jpeg",3,"Household items",65,75,10,4.073999882,1,70,1
"352",243,30,"stim/41.jpeg",4,"Household items",65,75,69,4.421999931,1,70,1
"353",246,30,"stim/51.jpeg",5,"Music items",5,15,90,3.504000187,1,10,1
"354",241,30,"stim/61.jpeg",6,"Household items",5,15,80,6.154999971,1,10,1
"355",583,30,"stim/11.jpeg",1,"Household items",45,55,61,3.763999939,2,50,1
"356",582,30,"stim/21.jpeg",2,"Music items",45,55,49,4.407999992,2,50,1
"357",581,30,"stim/31.jpeg",3,"Household items",65,75,29,4.898000002,2,70,1
"358",579,30,"stim/41.jpeg",4,"Household items",65,75,70,4.648000002,2,70,1
"359",578,30,"stim/51.jpeg",5,"Music items",5,15,80,6.042000055,2,10,1
"360",580,30,"stim/61.jpeg",6,"Household items",5,15,59,2.736000061,2,10,1
"361",242,31,"stim/11.jpeg",1,"Music items",45,55,10,4.375999928,1,50,1
"362",244,31,"stim/21.jpeg",2,"Household items",45,55,10,5.945999861,1,50,1
"363",243,31,"stim/31.jpeg",3,"Music items",65,75,70,7.812000036,1,70,1
"364",245,31,"stim/41.jpeg",4,"Music items",65,75,38,4.046000004,1,70,1
"365",241,31,"stim/51.jpeg",5,"Household items",5,15,80,6.351999998,1,10,1
"366",246,31,"stim/61.jpeg",6,"Music items",5,15,76,4.864000082,1,10,1
"367",579,31,"stim/11.jpeg",1,"Music items",45,55,10,4.792000055,2,50,1
"368",583,31,"stim/21.jpeg",2,"Household items",45,55,20,5.27699995,2,50,1
"369",582,31,"stim/31.jpeg",3,"Music items",65,75,70,6.394000053,2,70,1
"370",581,31,"stim/41.jpeg",4,"Music items",65,75,30,5.065999985,2,70,1
"371",580,31,"stim/51.jpeg",5,"Household items",5,15,80,5.727999926,2,10,1
"372",578,31,"stim/61.jpeg",6,"Music items",5,15,71,4.501999855,2,10,1
"373",241,32,"stim/11.jpeg",1,"Household items",45,55,30,14.12700009,1,50,1
"374",246,32,"stim/21.jpeg",2,"Music items",45,55,60,7.446000099,1,50,1
"375",243,32,"stim/31.jpeg",3,"Household items",65,75,100,2.101999998,1,70,1
"376",244,32,"stim/41.jpeg",4,"Household items",65,75,100,2.931999922,1,70,1
"377",242,32,"stim/51.jpeg",5,"Music items",5,15,90,2.977999926,1,10,1
"378",245,32,"stim/61.jpeg",6,"Household items",5,15,50,4.528999805,1,10,1
"379",581,32,"stim/11.jpeg",1,"Household items",45,55,10,2.950999975,2,50,1
"380",582,32,"stim/21.jpeg",2,"Music items",45,55,10,2.911000013,2,50,1
"381",578,32,"stim/31.jpeg",3,"Household items",65,75,20,4.984999895,2,70,1
"382",583,32,"stim/41.jpeg",4,"Household items",65,75,81,2.912000179,2,70,1
"383",580,32,"stim/51.jpeg",5,"Music items",5,15,30,4.258000135,2,10,1
"384",579,32,"stim/61.jpeg",6,"Household items",5,15,40,3.253999949,2,10,1
"385",246,33,"stim/11.jpeg",1,"Music items",45,55,58,2.411999941,1,50,1
"386",245,33,"stim/21.jpeg",2,"Household items",45,55,45,2.882999897,1,50,1
"387",242,33,"stim/31.jpeg",3,"Music items",65,75,61,3.245000124,1,70,1
"388",244,33,"stim/41.jpeg",4,"Music items",65,75,54,2.897000074,1,70,1
"389",241,33,"stim/51.jpeg",5,"Household items",5,15,79,6.43900013,1,10,1
"390",243,33,"stim/61.jpeg",6,"Music items",5,15,89,2.881000042,1,10,1
"391",580,33,"stim/11.jpeg",1,"Music items",45,55,61,2.994999886,2,50,1
"392",581,33,"stim/21.jpeg",2,"Household items",45,55,36,2.628999949,2,50,1
"393",578,33,"stim/31.jpeg",3,"Music items",65,75,40,4.881999969,2,70,1
"394",583,33,"stim/41.jpeg",4,"Music items",65,75,76,2.647000074,2,70,1
"395",579,33,"stim/51.jpeg",5,"Household items",5,15,51,2.194999933,2,10,1
"396",582,33,"stim/61.jpeg",6,"Music items",5,15,93,2.83100009,2,10,1
"397",243,34,"stim/11.jpeg",1,"Household items",45,55,13,6.697000027,1,50,1
"398",244,34,"stim/21.jpeg",2,"Music items",45,55,2,6.68900013,1,50,1
"399",245,34,"stim/31.jpeg",3,"Household items",65,75,25,7.156000137,1,70,1
"400",241,34,"stim/41.jpeg",4,"Household items",65,75,70,7.637000084,1,70,1
"401",246,34,"stim/51.jpeg",5,"Music items",5,15,90,4.506000042,1,10,1
"402",242,34,"stim/61.jpeg",6,"Household items",5,15,88,5.963000059,1,10,1
"403",578,34,"stim/11.jpeg",1,"Household items",45,55,5,6.933999777,2,50,1
"404",579,34,"stim/21.jpeg",2,"Music items",45,55,8,7.332999945,2,50,1
"405",582,34,"stim/31.jpeg",3,"Household items",65,75,70,5.146000147,2,70,1
"406",580,34,"stim/41.jpeg",4,"Household items",65,75,82,5.196999788,2,70,1
"407",583,34,"stim/51.jpeg",5,"Music items",5,15,85,6.553000212,2,10,1
"408",581,34,"stim/61.jpeg",6,"Household items",5,15,85,4.720999956,2,10,1
"409",244,35,"stim/11.jpeg",1,"Household items",45,55,50,3.167000055,1,50,1
"410",245,35,"stim/21.jpeg",2,"Music items",45,55,50,1.930000067,1,50,1
"411",242,35,"stim/31.jpeg",3,"Household items",65,75,36,3.83100009,1,70,1
"412",243,35,"stim/41.jpeg",4,"Household items",65,75,73,5.020999908,1,70,1
"413",246,35,"stim/51.jpeg",5,"Music items",5,15,85,4.74000001,1,10,1
"414",241,35,"stim/61.jpeg",6,"Household items",5,15,81,4.947999954,1,10,1
"415",582,35,"stim/11.jpeg",1,"Household items",45,55,52,3.503999949,2,50,1
"416",578,35,"stim/21.jpeg",2,"Music items",45,55,39,5.509000063,2,50,1
"417",579,35,"stim/31.jpeg",3,"Household items",65,75,59,2.981000185,2,70,1
"418",583,35,"stim/41.jpeg",4,"Household items",65,75,60,4.03399992,2,70,1
"419",581,35,"stim/51.jpeg",5,"Music items",5,15,89,3.667000055,2,10,1
"420",580,35,"stim/61.jpeg",6,"Household items",5,15,90,5.105999947,2,10,1
"421",242,36,"stim/11.jpeg",1,"Music items",45,55,17,10.61899996,1,50,1
"422",244,36,"stim/21.jpeg",2,"Household items",45,55,20,5.09800005,1,50,1
"423",243,36,"stim/31.jpeg",3,"Music items",65,75,60,7.77699995,1,70,1
"424",241,36,"stim/41.jpeg",4,"Music items",65,75,61,4.157999992,1,70,1
"425",245,36,"stim/51.jpeg",5,"Household items",5,15,80,2.891000032,1,10,1
"426",246,36,"stim/61.jpeg",6,"Music items",5,15,60,5.947000027,1,10,1
"427",578,36,"stim/11.jpeg",1,"Music items",45,55,8,7.644999981,2,50,1
"428",579,36,"stim/21.jpeg",2,"Household items",45,55,25,6.826000214,2,50,1
"429",580,36,"stim/31.jpeg",3,"Music items",65,75,54,3.997999907,2,70,1
"430",583,36,"stim/41.jpeg",4,"Music items",65,75,63,3.342999935,2,70,1
"431",582,36,"stim/51.jpeg",5,"Household items",5,15,85,3.610000134,2,10,1
"432",581,36,"stim/61.jpeg",6,"Music items",5,15,55,3.174000025,2,10,1
"433",242,37,"stim/11.jpeg",1,"Household items",45,55,20,5.589999914,1,50,1
"434",244,37,"stim/21.jpeg",2,"Music items",45,55,30,7.167999983,1,50,1
"435",243,37,"stim/31.jpeg",3,"Household items",65,75,10,3.819999933,1,70,1
"436",246,37,"stim/41.jpeg",4,"Household items",65,75,90,3.785000086,1,70,1
"437",245,37,"stim/51.jpeg",5,"Music items",5,15,80,6.048000097,1,10,1
"438",241,37,"stim/61.jpeg",6,"Household items",5,15,40,8.274000168,1,10,1
"439",583,37,"stim/11.jpeg",1,"Household items",45,55,30,7.923000097,2,50,1
"440",582,37,"stim/21.jpeg",2,"Music items",45,55,30,8.210000038,2,50,1
"441",578,37,"stim/31.jpeg",3,"Household items",65,75,20,27.08599997,2,70,1
"442",580,37,"stim/41.jpeg",4,"Household items",65,75,80,2.819000006,2,70,1
"443",581,37,"stim/51.jpeg",5,"Music items",5,15,70,4.72300005,2,10,1
"444",579,37,"stim/61.jpeg",6,"Household items",5,15,60,7.893999815,2,10,1
"445",242,38,"stim/11.jpeg",1,"Music items",45,55,57,8.366999865,1,50,1
"446",243,38,"stim/21.jpeg",2,"Household items",45,55,54,10.24499989,1,50,1
"447",245,38,"stim/31.jpeg",3,"Music items",65,75,25,9.101999998,1,70,1
"448",241,38,"stim/41.jpeg",4,"Music items",65,75,72,9.723999977,1,70,1
"449",244,38,"stim/51.jpeg",5,"Household items",5,15,93,9.265000105,1,10,1
"450",246,38,"stim/61.jpeg",6,"Music items",5,15,95,4.710000038,1,10,1
"451",580,38,"stim/11.jpeg",1,"Music items",45,55,45,6.907000065,2,50,1
"452",578,38,"stim/21.jpeg",2,"Household items",45,55,54,12.79399991,2,50,1
"453",583,38,"stim/31.jpeg",3,"Music items",65,75,28,5.485000134,2,70,1
"454",579,38,"stim/41.jpeg",4,"Music items",65,75,75,8.63499999,2,70,1
"455",581,38,"stim/51.jpeg",5,"Household items",5,15,89,6.05700016,2,10,1
"456",582,38,"stim/61.jpeg",6,"Music items",5,15,92,4.042000055,2,10,1
"457",243,39,"stim/11.jpeg",1,"Household items",45,55,13,5.039000034,1,50,1
"458",242,39,"stim/21.jpeg",2,"Music items",45,55,34,5.121999979,1,50,1
"459",246,39,"stim/31.jpeg",3,"Household items",65,75,66,4.711999893,1,70,1
"460",241,39,"stim/41.jpeg",4,"Household items",65,75,73,4.980999947,1,70,1
"461",244,39,"stim/51.jpeg",5,"Music items",5,15,70,5.995000124,1,10,1
"462",245,39,"stim/61.jpeg",6,"Household items",5,15,77,4.559999943,1,10,1
"463",582,39,"stim/11.jpeg",1,"Household items",45,55,14,4.075999975,2,50,1
"464",579,39,"stim/21.jpeg",2,"Music items",45,55,27,4.592999935,2,50,1
"465",578,39,"stim/31.jpeg",3,"Household items",65,75,77,4.315999985,2,70,1
"466",583,39,"stim/41.jpeg",4,"Household items",65,75,58,2.309000015,2,70,1
"467",581,39,"stim/51.jpeg",5,"Music items",5,15,41,5.292999983,2,10,1
"468",580,39,"stim/61.jpeg",6,"Household items",5,15,75,5.055999994,2,10,1
"469",245,40,"stim/11.jpeg",1,"Household items",45,55,39,2.613000154,1,50,1
"470",244,40,"stim/21.jpeg",2,"Music items",45,55,38,6.602999926,1,50,1
"471",242,40,"stim/31.jpeg",3,"Household items",65,75,53,1.934000015,1,70,1
"472",241,40,"stim/41.jpeg",4,"Household items",65,75,58,7.070999861,1,70,1
"473",246,40,"stim/51.jpeg",5,"Music items",5,15,93,4.194000006,1,10,1
"474",243,40,"stim/61.jpeg",6,"Household items",5,15,91,3.423000097,1,10,1
"475",578,40,"stim/11.jpeg",1,"Household items",45,55,41,8.203999996,2,50,1
"476",581,40,"stim/21.jpeg",2,"Music items",45,55,56,2.497999907,2,50,1
"477",583,40,"stim/31.jpeg",3,"Household items",65,75,56,2.103000164,2,70,1
"478",582,40,"stim/41.jpeg",4,"Household items",65,75,57,2.492000103,2,70,1
"479",580,40,"stim/51.jpeg",5,"Music items",5,15,93,5.741000175,2,10,1
"480",579,40,"stim/61.jpeg",6,"Household items",5,15,92,5.747999907,2,10,1
"481",246,41,"stim/11.jpeg",1,"Music items",45,55,11,2.832000017,1,50,1
"482",245,41,"stim/21.jpeg",2,"Household items",45,55,11,5.785000086,1,50,1
"483",244,41,"stim/31.jpeg",3,"Music items",65,75,31,4.24000001,1,70,1
"484",242,41,"stim/41.jpeg",4,"Music items",65,75,68,2.211000204,1,70,1
"485",241,41,"stim/51.jpeg",5,"Household items",5,15,88,4.30099988,1,10,1
"486",243,41,"stim/61.jpeg",6,"Music items",5,15,84,4.263000011,1,10,1
"487",583,41,"stim/11.jpeg",1,"Music items",45,55,21,4.537999868,2,50,1
"488",579,41,"stim/21.jpeg",2,"Household items",45,55,12,5.111000061,2,50,1
"489",582,41,"stim/31.jpeg",3,"Music items",65,75,69,2.828999996,2,70,1
"490",581,41,"stim/41.jpeg",4,"Music items",65,75,59,3.319000006,2,70,1
"491",580,41,"stim/51.jpeg",5,"Household items",5,15,87,3.161000013,2,10,1
"492",578,41,"stim/61.jpeg",6,"Music items",5,15,87,4.056999922,2,10,1
"493",244,42,"stim/11.jpeg",1,"Household items",45,55,66,5.882999897,1,50,1
"494",245,42,"stim/21.jpeg",2,"Music items",45,55,32,2.501999855,1,50,1
"495",241,42,"stim/31.jpeg",3,"Household items",65,75,58,7.320000172,1,70,1
"496",246,42,"stim/41.jpeg",4,"Household items",65,75,60,1.878999949,1,70,1
"497",243,42,"stim/51.jpeg",5,"Music items",5,15,40,1.486999989,1,10,1
"498",242,42,"stim/61.jpeg",6,"Household items",5,15,NA,NA,1,10,1
"499",578,42,"stim/11.jpeg",1,"Household items",45,55,65,3.895999908,2,50,1
"500",579,42,"stim/21.jpeg",2,"Music items",45,55,NA,NA,2,50,1
"501",582,42,"stim/31.jpeg",3,"Household items",65,75,39,1.812000036,2,70,1
"502",581,42,"stim/41.jpeg",4,"Household items",65,75,72,1.351000071,2,70,1
"503",583,42,"stim/51.jpeg",5,"Music items",5,15,62,3.312999964,2,10,1
"504",580,42,"stim/61.jpeg",6,"Household items",5,15,67,3.555999994,2,10,1
"505",246,43,"stim/11.jpeg",1,"Music items",45,55,0,3.776000023,1,50,1
"506",241,43,"stim/21.jpeg",2,"Household items",45,55,0,4.558999777,1,50,1
"507",245,43,"stim/31.jpeg",3,"Music items",65,75,0,3.74000001,1,70,1
"508",242,43,"stim/41.jpeg",4,"Music items",65,75,100,6.348999977,1,70,1
"509",244,43,"stim/51.jpeg",5,"Household items",5,15,100,2.904999971,1,10,1
"510",243,43,"stim/61.jpeg",6,"Music items",5,15,0,3.376000166,1,10,1
"511",579,43,"stim/11.jpeg",1,"Music items",45,55,0,2.170000076,2,50,1
"512",583,43,"stim/21.jpeg",2,"Household items",45,55,21,2.770000219,2,50,1
"513",578,43,"stim/31.jpeg",3,"Music items",65,75,0,2.45600009,2,70,1
"514",580,43,"stim/41.jpeg",4,"Music items",65,75,100,2.169000149,2,70,1
"515",582,43,"stim/51.jpeg",5,"Household items",5,15,49,5.375,2,10,1
"516",581,43,"stim/61.jpeg",6,"Music items",5,15,100,1.756000042,2,10,1
"517",243,44,"stim/11.jpeg",1,"Household items",45,55,0,2.464999914,1,50,1
"518",246,44,"stim/21.jpeg",2,"Music items",45,55,0,4.475999832,1,50,1
"519",245,44,"stim/31.jpeg",3,"Household items",65,75,27,4.302000046,1,70,1
"520",242,44,"stim/41.jpeg",4,"Household items",65,75,50,4.315999985,1,70,1
"521",244,44,"stim/51.jpeg",5,"Music items",5,15,0,1.538000107,1,10,1
"522",241,44,"stim/61.jpeg",6,"Household items",5,15,64,5.99000001,1,10,1
"523",580,44,"stim/11.jpeg",1,"Household items",45,55,0,3.128999949,2,50,1
"524",582,44,"stim/21.jpeg",2,"Music items",45,55,0,7.788000107,2,50,1
"525",579,44,"stim/31.jpeg",3,"Household items",65,75,65,3.312000036,2,70,1
"526",583,44,"stim/41.jpeg",4,"Household items",65,75,50,5.023999929,2,70,1
"527",578,44,"stim/51.jpeg",5,"Music items",5,15,82,5.470000029,2,10,1
"528",581,44,"stim/61.jpeg",6,"Household items",5,15,66,3.569999933,2,10,1
"529",246,45,"stim/11.jpeg",1,"Household items",45,55,48,5.881000042,1,50,1
"530",244,45,"stim/21.jpeg",2,"Music items",45,55,35,7.796000004,1,50,1
"531",241,45,"stim/31.jpeg",3,"Household items",65,75,33,5.548000097,1,70,1
"532",243,45,"stim/41.jpeg",4,"Household items",65,75,60,4.082999945,1,70,1
"533",242,45,"stim/51.jpeg",5,"Music items",5,15,87,4.095000029,1,10,1
"534",245,45,"stim/61.jpeg",6,"Household items",5,15,91,4.74000001,1,10,1
"535",579,45,"stim/11.jpeg",1,"Household items",45,55,50,6.529999971,2,50,1
"536",582,45,"stim/21.jpeg",2,"Music items",45,55,40,8.378999949,2,50,1
"537",578,45,"stim/31.jpeg",3,"Household items",65,75,39,6.460000038,2,70,1
"538",580,45,"stim/41.jpeg",4,"Household items",65,75,60,3.890000105,2,70,1
"539",583,45,"stim/51.jpeg",5,"Music items",5,15,80,5.032000065,2,10,1
"540",581,45,"stim/61.jpeg",6,"Household items",5,15,75,4.583999872,2,10,1
"541",244,47,"stim/11.jpeg",1,"Household items",45,55,30,7.354000092,1,50,1
"542",241,47,"stim/21.jpeg",2,"Music items",45,55,10,7.343000174,1,50,1
"543",245,47,"stim/31.jpeg",3,"Household items",65,75,10,7.236999989,1,70,1
"544",242,47,"stim/41.jpeg",4,"Household items",65,75,90,5.867000103,1,70,1
"545",243,47,"stim/51.jpeg",5,"Music items",5,15,60,4.432999849,1,10,1
"546",246,47,"stim/61.jpeg",6,"Household items",5,15,50,4.066999912,1,10,1
"547",581,47,"stim/11.jpeg",1,"Household items",45,55,60,7.069000006,2,50,1
"548",583,47,"stim/21.jpeg",2,"Music items",45,55,4,4.983999968,2,50,1
"549",578,47,"stim/31.jpeg",3,"Household items",65,75,10,6.41899991,2,70,1
"550",582,47,"stim/41.jpeg",4,"Household items",65,75,85,8.010999918,2,70,1
"551",579,47,"stim/51.jpeg",5,"Music items",5,15,30,6.801000118,2,10,1
"552",580,47,"stim/61.jpeg",6,"Household items",5,15,50,5.118000031,2,10,1
"553",246,48,"stim/11.jpeg",1,"Music items",45,55,61,4.113000154,1,50,1
"554",243,48,"stim/21.jpeg",2,"Household items",45,55,60,4.447000027,1,50,1
"555",241,48,"stim/31.jpeg",3,"Music items",65,75,40,12.74000001,1,70,1
"556",245,48,"stim/41.jpeg",4,"Music items",65,75,84,3.292000055,1,70,1
"557",244,48,"stim/51.jpeg",5,"Household items",5,15,95,3.109999895,1,10,1
"558",242,48,"stim/61.jpeg",6,"Music items",5,15,93,4.000999928,1,10,1
"559",579,48,"stim/11.jpeg",1,"Music items",45,55,37,5.318000078,2,50,1
"560",578,48,"stim/21.jpeg",2,"Household items",45,55,60,12.14899993,2,50,1
"561",581,48,"stim/31.jpeg",3,"Music items",65,75,32,5.65899992,2,70,1
"562",580,48,"stim/41.jpeg",4,"Music items",65,75,62,9.178999901,2,70,1
"563",583,48,"stim/51.jpeg",5,"Household items",5,15,90,2.910000086,2,10,1
"564",582,48,"stim/61.jpeg",6,"Music items",5,15,90,4.395999908,2,10,1
"565",241,49,"stim/11.jpeg",1,"Household items",45,55,16,12.74599981,1,50,1
"566",242,49,"stim/21.jpeg",2,"Music items",45,55,7,3.163000107,1,50,1
"567",244,49,"stim/31.jpeg",3,"Household items",65,75,30,5.525000095,1,70,1
"568",243,49,"stim/41.jpeg",4,"Household items",65,75,24,4.041999817,1,70,1
"569",245,49,"stim/51.jpeg",5,"Music items",5,15,78,3.676999807,1,10,1
"570",246,49,"stim/61.jpeg",6,"Household items",5,15,76,5.218000174,1,10,1
"571",582,49,"stim/11.jpeg",1,"Household items",45,55,90,3.741000175,2,50,1
"572",583,49,"stim/21.jpeg",2,"Music items",45,55,18,3.140000105,2,50,1
"573",581,49,"stim/31.jpeg",3,"Household items",65,75,74,2.694999933,2,70,1
"574",580,49,"stim/41.jpeg",4,"Household items",65,75,65,2.343999863,2,70,1
"575",579,49,"stim/51.jpeg",5,"Music items",5,15,88,3.49000001,2,10,1
"576",578,49,"stim/61.jpeg",6,"Household items",5,15,79,7.90899992,2,10,1
"577",242,50,"stim/11.jpeg",1,"Household items",45,55,20,7.26699996,1,50,1
"578",246,50,"stim/21.jpeg",2,"Music items",45,55,60,6.133999825,1,50,1
"579",245,50,"stim/31.jpeg",3,"Household items",65,75,10,4.410999775,1,70,1
"580",244,50,"stim/41.jpeg",4,"Household items",65,75,90,11.48600006,1,70,1
"581",243,50,"stim/51.jpeg",5,"Music items",5,15,80,9.667999983,1,10,1
"582",241,50,"stim/61.jpeg",6,"Household items",5,15,90,5.268000126,1,10,1
"583",581,50,"stim/11.jpeg",1,"Household items",45,55,20,3.228999853,2,50,1
"584",583,50,"stim/21.jpeg",2,"Music items",45,55,70,5.382999897,2,50,1
"585",579,50,"stim/31.jpeg",3,"Household items",65,75,70,3.368000031,2,70,1
"586",580,50,"stim/41.jpeg",4,"Household items",65,75,80,3.480999947,2,70,1
"587",582,50,"stim/51.jpeg",5,"Music items",5,15,80,9.878000021,2,10,1
"588",578,50,"stim/61.jpeg",6,"Household items",5,15,90,21.65700006,2,10,1
"589",243,51,"stim/11.jpeg",1,"Music items",45,55,2,8.925000191,1,50,1
"590",244,51,"stim/21.jpeg",2,"Household items",45,55,0,7.738000154,1,50,1
"591",241,51,"stim/31.jpeg",3,"Music items",65,75,90,12.90999985,1,70,1
"592",242,51,"stim/41.jpeg",4,"Music items",65,75,81,7.687999964,1,70,1
"593",246,51,"stim/51.jpeg",5,"Household items",5,15,76,7.705000162,1,10,1
"594",245,51,"stim/61.jpeg",6,"Music items",5,15,50,4.433000088,1,10,1
"595",581,51,"stim/11.jpeg",1,"Music items",45,55,4,8.787999868,2,50,1
"596",580,51,"stim/21.jpeg",2,"Household items",45,55,0,4.355999947,2,50,1
"597",583,51,"stim/31.jpeg",3,"Music items",65,75,20,5.154000044,2,70,1
"598",582,51,"stim/41.jpeg",4,"Music items",65,75,50,3.411000013,2,70,1
"599",578,51,"stim/51.jpeg",5,"Household items",5,15,74,4.975000143,2,10,1
"600",579,51,"stim/61.jpeg",6,"Music items",5,15,10,9.059999943,2,10,1
"601",244,52,"stim/11.jpeg",1,"Household items",45,55,70,9.90199995,1,50,1
"602",241,52,"stim/21.jpeg",2,"Music items",45,55,0,19.16999984,1,50,1
"603",243,52,"stim/31.jpeg",3,"Household items",65,75,10,4.345000029,1,70,1
"604",245,52,"stim/41.jpeg",4,"Household items",65,75,90,5.035000086,1,70,1
"605",242,52,"stim/51.jpeg",5,"Music items",5,15,50,5.644000053,1,10,1
"606",246,52,"stim/61.jpeg",6,"Household items",5,15,20,12.37000012,1,10,1
"607",580,52,"stim/11.jpeg",1,"Household items",45,55,30,4.495999813,2,50,1
"608",583,52,"stim/21.jpeg",2,"Music items",45,55,15,9.369999886,2,50,1
"609",582,52,"stim/31.jpeg",3,"Household items",65,75,10,5.486999989,2,70,1
"610",579,52,"stim/41.jpeg",4,"Household items",65,75,90,8.384000063,2,70,1
"611",578,52,"stim/51.jpeg",5,"Music items",5,15,30,12.625,2,10,1
"612",581,52,"stim/61.jpeg",6,"Household items",5,15,20,13.20099998,2,10,1
"613",245,53,"stim/11.jpeg",1,"Music items",45,55,70,6.251000166,1,50,1
"614",246,53,"stim/21.jpeg",2,"Household items",45,55,60,6.245999813,1,50,1
"615",242,53,"stim/31.jpeg",3,"Music items",65,75,4,7.5,1,70,1
"616",244,53,"stim/41.jpeg",4,"Music items",65,75,20,7.468000174,1,70,1
"617",243,53,"stim/51.jpeg",5,"Household items",5,15,100,3.571000099,1,10,1
"618",241,53,"stim/61.jpeg",6,"Music items",5,15,100,6.53399992,1,10,1
"619",580,53,"stim/11.jpeg",1,"Music items",45,55,73,3.878000021,2,50,1
"620",581,53,"stim/21.jpeg",2,"Household items",45,55,20,6.618000031,2,50,1
"621",578,53,"stim/31.jpeg",3,"Music items",65,75,40,11.48199987,2,70,1
"622",583,53,"stim/41.jpeg",4,"Music items",65,75,81,2.973999977,2,70,1
"623",582,53,"stim/51.jpeg",5,"Household items",5,15,100,2.713000059,2,10,1
"624",579,53,"stim/61.jpeg",6,"Music items",5,15,86,3.796000004,2,10,1
"625",242,54,"stim/11.jpeg",1,"Household items",45,55,0,6.005000114,1,50,1
"626",244,54,"stim/21.jpeg",2,"Music items",45,55,NA,NA,1,50,1
"627",246,54,"stim/31.jpeg",3,"Household items",65,75,77,9.470000029,1,70,1
"628",245,54,"stim/41.jpeg",4,"Household items",65,75,NA,NA,1,70,1
"629",241,54,"stim/51.jpeg",5,"Music items",5,15,85,9.286000013,1,10,1
"630",243,54,"stim/61.jpeg",6,"Household items",5,15,80,6.571000099,1,10,1
"631",581,54,"stim/11.jpeg",1,"Household items",45,55,NA,NA,2,50,1
"632",582,54,"stim/21.jpeg",2,"Music items",45,55,NA,NA,2,50,1
"633",583,54,"stim/31.jpeg",3,"Household items",65,75,70,5.107000113,2,70,1
"634",579,54,"stim/41.jpeg",4,"Household items",65,75,NA,NA,2,70,1
"635",580,54,"stim/51.jpeg",5,"Music items",5,15,85,13.6170001,2,10,1
"636",578,54,"stim/61.jpeg",6,"Household items",5,15,80,6.151000023,2,10,1
"637",243,55,"stim/11.jpeg",1,"Household items",45,55,50,4.18599987,1,50,1
"638",246,55,"stim/21.jpeg",2,"Music items",45,55,45,9.008999825,1,50,1
"639",245,55,"stim/31.jpeg",3,"Household items",65,75,30,6.721999884,1,70,1
"640",244,55,"stim/41.jpeg",4,"Household items",65,75,100,6.646000147,1,70,1
"641",242,55,"stim/51.jpeg",5,"Music items",5,15,100,7.265000105,1,10,1
"642",241,55,"stim/61.jpeg",6,"Household items",5,15,100,8.417999983,1,10,1
"643",581,55,"stim/11.jpeg",1,"Household items",45,55,55,9.125,2,50,1
"644",583,55,"stim/21.jpeg",2,"Music items",45,55,64,9.230999947,2,50,1
"645",579,55,"stim/31.jpeg",3,"Household items",65,75,15,9.344000101,2,70,1
"646",578,55,"stim/41.jpeg",4,"Household items",65,75,95,9.779000044,2,70,1
"647",580,55,"stim/51.jpeg",5,"Music items",5,15,50,12.83399987,2,10,1
"648",582,55,"stim/61.jpeg",6,"Household items",5,15,90,5.920000076,2,10,1
"649",244,56,"stim/11.jpeg",1,"Music items",45,55,10,5.036000013,1,50,1
"650",242,56,"stim/21.jpeg",2,"Household items",45,55,10,6.940000057,1,50,1
"651",246,56,"stim/31.jpeg",3,"Music items",65,75,69,6.608999968,1,70,1
"652",243,56,"stim/41.jpeg",4,"Music items",65,75,60,7.457000017,1,70,1
"653",245,56,"stim/51.jpeg",5,"Household items",5,15,49,4.916999817,1,10,1
"654",241,56,"stim/61.jpeg",6,"Music items",5,15,50,8.370999813,1,10,1
"655",581,56,"stim/11.jpeg",1,"Music items",45,55,10,5.401000023,2,50,1
"656",580,56,"stim/21.jpeg",2,"Household items",45,55,10,6.34800005,2,50,1
"657",578,56,"stim/31.jpeg",3,"Music items",65,75,70,4.907999992,2,70,1
"658",583,56,"stim/41.jpeg",4,"Music items",65,75,70,7.011000156,2,70,1
"659",582,56,"stim/51.jpeg",5,"Household items",5,15,50,3.426000118,2,10,1
"660",579,56,"stim/61.jpeg",6,"Music items",5,15,80,6.972000122,2,10,1
"661",244,57,"stim/11.jpeg",1,"Household items",45,55,40,5.911000013,1,50,1
"662",242,57,"stim/21.jpeg",2,"Music items",45,55,80,4.009000063,1,50,1
"663",245,57,"stim/31.jpeg",3,"Household items",65,75,3,3.755999804,1,70,1
"664",246,57,"stim/41.jpeg",4,"Household items",65,75,97,4.263999939,1,70,1
"665",241,57,"stim/51.jpeg",5,"Music items",5,15,80,5.677000046,1,10,1
"666",243,57,"stim/61.jpeg",6,"Household items",5,15,20,3.474999905,1,10,1
"667",579,57,"stim/11.jpeg",1,"Household items",45,55,40,2.609999895,2,50,1
"668",578,57,"stim/21.jpeg",2,"Music items",45,55,20,5.923000097,2,50,1
"669",582,57,"stim/31.jpeg",3,"Household items",65,75,4,3.735000134,2,70,1
"670",583,57,"stim/41.jpeg",4,"Household items",65,75,96,4.306999922,2,70,1
"671",581,57,"stim/51.jpeg",5,"Music items",5,15,80,3.374000072,2,10,1
"672",580,57,"stim/61.jpeg",6,"Household items",5,15,50,4.625,2,10,1
"673",244,58,"stim/11.jpeg",1,"Music items",45,55,90,2.48300004,1,50,1
"674",241,58,"stim/21.jpeg",2,"Household items",45,55,69,10.71700001,1,50,1
"675",243,58,"stim/31.jpeg",3,"Music items",65,75,90,2.582000017,1,70,1
"676",245,58,"stim/41.jpeg",4,"Music items",65,75,95,3.281000137,1,70,1
"677",242,58,"stim/51.jpeg",5,"Household items",5,15,90,3.08100009,1,10,1
"678",246,58,"stim/61.jpeg",6,"Music items",5,15,85,2.865999937,1,10,1
"679",583,58,"stim/11.jpeg",1,"Music items",45,55,80,3.559999943,2,50,1
"680",578,58,"stim/21.jpeg",2,"Household items",45,55,78,10.28399992,2,50,1
"681",582,58,"stim/31.jpeg",3,"Music items",65,75,84,6.31099987,2,70,1
"682",581,58,"stim/41.jpeg",4,"Music items",65,75,83,3.480999947,2,70,1
"683",579,58,"stim/51.jpeg",5,"Household items",5,15,93,4.325999975,2,10,1
"684",580,58,"stim/61.jpeg",6,"Music items",5,15,90,3.149999857,2,10,1
"685",243,59,"stim/11.jpeg",1,"Household items",45,55,5,5.271000147,1,50,1
"686",245,59,"stim/21.jpeg",2,"Music items",45,55,4,4.421999931,1,50,1
"687",244,59,"stim/31.jpeg",3,"Household items",65,75,40,5.705999851,1,70,1
"688",242,59,"stim/41.jpeg",4,"Household items",65,75,50,12.11999989,1,70,1
"689",241,59,"stim/51.jpeg",5,"Music items",5,15,81,9.821000099,1,10,1
"690",246,59,"stim/61.jpeg",6,"Household items",5,15,85,6.247999907,1,10,1
"691",582,59,"stim/11.jpeg",1,"Household items",45,55,5,3.555999994,2,50,1
"692",579,59,"stim/21.jpeg",2,"Music items",45,55,6,6.746999979,2,50,1
"693",581,59,"stim/31.jpeg",3,"Household items",65,75,80,4.112999916,2,70,1
"694",580,59,"stim/41.jpeg",4,"Household items",65,75,30,6.247999907,2,70,1
"695",583,59,"stim/51.jpeg",5,"Music items",5,15,86,5.230999947,2,10,1
"696",578,59,"stim/61.jpeg",6,"Household items",5,15,80,4.236999989,2,10,1
"697",245,60,"stim/11.jpeg",1,"Household items",45,55,41,4.060000181,1,50,1
"698",242,60,"stim/21.jpeg",2,"Music items",45,55,71,3.589999914,1,50,1
"699",241,60,"stim/31.jpeg",3,"Household items",65,75,29,5.875,1,70,1
"700",243,60,"stim/41.jpeg",4,"Household items",65,75,80,5.463999987,1,70,1
"701",246,60,"stim/51.jpeg",5,"Music items",5,15,80,4.026000023,1,10,1
"702",244,60,"stim/61.jpeg",6,"Household items",5,15,90,3.257999897,1,10,1
"703",582,60,"stim/11.jpeg",1,"Household items",45,55,60,12.95900011,2,50,1
"704",579,60,"stim/21.jpeg",2,"Music items",45,55,41,7.661000013,2,50,1
"705",580,60,"stim/31.jpeg",3,"Household items",65,75,32,5.611999989,2,70,1
"706",581,60,"stim/41.jpeg",4,"Household items",65,75,70,9.789000034,2,70,1
"707",578,60,"stim/51.jpeg",5,"Music items",5,15,70,7.315999985,2,10,1
"708",583,60,"stim/61.jpeg",6,"Household items",5,15,92,8.463000059,2,10,1
"709",242,61,"stim/11.jpeg",1,"Music items",45,55,31,6.858999968,1,50,1
"710",246,61,"stim/21.jpeg",2,"Household items",45,55,7,7.513999939,1,50,1
"711",244,61,"stim/31.jpeg",3,"Music items",65,75,55,3.578999996,1,70,1
"712",243,61,"stim/41.jpeg",4,"Music items",65,75,32,3.530999899,1,70,1
"713",245,61,"stim/51.jpeg",5,"Household items",5,15,42,5.59100008,1,10,1
"714",241,61,"stim/61.jpeg",6,"Music items",5,15,57,5.962000132,1,10,1
"715",583,61,"stim/11.jpeg",1,"Music items",45,55,44,2.063999891,2,50,1
"716",581,61,"stim/21.jpeg",2,"Household items",45,55,46,1.687999964,2,50,1
"717",578,61,"stim/31.jpeg",3,"Music items",65,75,60,9.729000092,2,70,1
"718",579,61,"stim/41.jpeg",4,"Music items",65,75,40,1.743000031,2,70,1
"719",582,61,"stim/51.jpeg",5,"Household items",5,15,45,2.406000137,2,10,1
"720",580,61,"stim/61.jpeg",6,"Music items",5,15,52,3.071999788,2,10,1
"721",245,62,"stim/11.jpeg",1,"Household items",45,55,71,3.731000185,1,50,1
"722",246,62,"stim/21.jpeg",2,"Music items",45,55,8,3.457000017,1,50,1
"723",242,62,"stim/31.jpeg",3,"Household items",65,75,18,6.022000074,1,70,1
"724",244,62,"stim/41.jpeg",4,"Household items",65,75,31,4.329999924,1,70,1
"725",243,62,"stim/51.jpeg",5,"Music items",5,15,55,4.470999956,1,10,1
"726",241,62,"stim/61.jpeg",6,"Household items",5,15,39,5.227999926,1,10,1
"727",578,62,"stim/11.jpeg",1,"Household items",45,55,63,4.453999996,2,50,1
"728",579,62,"stim/21.jpeg",2,"Music items",45,55,38,2,2,50,1
"729",581,62,"stim/31.jpeg",3,"Household items",65,75,21,3.596999884,2,70,1
"730",583,62,"stim/41.jpeg",4,"Household items",65,75,63,3.313999891,2,70,1
"731",582,62,"stim/51.jpeg",5,"Music items",5,15,45,2.832000017,2,10,1
"732",580,62,"stim/61.jpeg",6,"Household items",5,15,70,3.437000036,2,10,1
"733",241,63,"stim/11.jpeg",1,"Music items",45,55,50,6.920000076,1,50,1
"734",243,63,"stim/21.jpeg",2,"Household items",45,55,50,4.041000128,1,50,1
"735",244,63,"stim/31.jpeg",3,"Music items",65,75,10,6.779999971,1,70,1
"736",242,63,"stim/41.jpeg",4,"Music items",65,75,80,10.44300008,1,70,1
"737",246,63,"stim/51.jpeg",5,"Household items",5,15,100,3.946000099,1,10,1
"738",245,63,"stim/61.jpeg",6,"Music items",5,15,100,5.245000124,1,10,1
"739",583,63,"stim/11.jpeg",1,"Music items",45,55,50,2.926000118,2,50,1
"740",582,63,"stim/21.jpeg",2,"Household items",45,55,50,3.676000118,2,50,1
"741",581,63,"stim/31.jpeg",3,"Music items",65,75,10,7.513000011,2,70,1
"742",580,63,"stim/41.jpeg",4,"Music items",65,75,75,7.311000109,2,70,1
"743",579,63,"stim/51.jpeg",5,"Household items",5,15,90,3.657000065,2,10,1
"744",578,63,"stim/61.jpeg",6,"Music items",5,15,90,10.05500007,2,10,1
"745",241,64,"stim/11.jpeg",1,"Household items",45,55,10,11.80900002,1,50,1
"746",246,64,"stim/21.jpeg",2,"Music items",45,55,10,4.437000036,1,50,1
"747",242,64,"stim/31.jpeg",3,"Household items",65,75,40,9.031000137,1,70,1
"748",244,64,"stim/41.jpeg",4,"Household items",65,75,20,4.78399992,1,70,1
"749",245,64,"stim/51.jpeg",5,"Music items",5,15,90,6.506000042,1,10,1
"750",243,64,"stim/61.jpeg",6,"Household items",5,15,40,4.798000097,1,10,1
"751",583,64,"stim/11.jpeg",1,"Household items",45,55,10,4.070000172,2,50,1
"752",580,64,"stim/21.jpeg",2,"Music items",45,55,10,5.779999971,2,50,1
"753",578,64,"stim/31.jpeg",3,"Household items",65,75,30,6.746000051,2,70,1
"754",581,64,"stim/41.jpeg",4,"Household items",65,75,40,8.983999968,2,70,1
"755",579,64,"stim/51.jpeg",5,"Music items",5,15,90,6.14199996,2,10,1
"756",582,64,"stim/61.jpeg",6,"Household items",5,15,80,6.815000057,2,10,1
"757",241,65,"stim/11.jpeg",1,"Household items",45,55,40,14.70899987,1,50,1
"758",242,65,"stim/21.jpeg",2,"Music items",45,55,50,2.947000027,1,50,1
"759",244,65,"stim/31.jpeg",3,"Household items",65,75,40,6.612999916,1,70,1
"760",246,65,"stim/41.jpeg",4,"Household items",65,75,79,3.019000053,1,70,1
"761",243,65,"stim/51.jpeg",5,"Music items",5,15,70,2.722000122,1,10,1
"762",245,65,"stim/61.jpeg",6,"Household items",5,15,90,5.744000196,1,10,1
"763",579,65,"stim/11.jpeg",1,"Household items",45,55,50,2.162999868,2,50,1
"764",582,65,"stim/21.jpeg",2,"Music items",45,55,30,3.809999943,2,50,1
"765",583,65,"stim/31.jpeg",3,"Household items",65,75,49,3.140000105,2,70,1
"766",578,65,"stim/41.jpeg",4,"Household items",65,75,70,6.572000027,2,70,1
"767",581,65,"stim/51.jpeg",5,"Music items",5,15,90,5.855000019,2,10,1
"768",580,65,"stim/61.jpeg",6,"Household items",5,15,80,5.25999999,2,10,1
"769",243,66,"stim/11.jpeg",1,"Music items",45,55,15,8.711999893,1,50,1
"770",246,66,"stim/21.jpeg",2,"Household items",45,55,3,8.156999826,1,50,1
"771",244,66,"stim/31.jpeg",3,"Music items",65,75,50,3.269000053,1,70,1
"772",242,66,"stim/41.jpeg",4,"Music items",65,75,61,5.063999891,1,70,1
"773",245,66,"stim/51.jpeg",5,"Household items",5,15,27,4.769000053,1,10,1
"774",241,66,"stim/61.jpeg",6,"Music items",5,15,54,11.97899985,1,10,1
"775",578,66,"stim/11.jpeg",1,"Music items",45,55,82,8.162000179,2,50,1
"776",583,66,"stim/21.jpeg",2,"Household items",45,55,NA,NA,2,50,1
"777",582,66,"stim/31.jpeg",3,"Music items",65,75,55,7.391000032,2,70,1
"778",580,66,"stim/41.jpeg",4,"Music items",65,75,55,10.68999982,2,70,1
"779",581,66,"stim/51.jpeg",5,"Household items",5,15,70,7.621000051,2,10,1
"780",579,66,"stim/61.jpeg",6,"Music items",5,15,NA,NA,2,10,1
"781",243,67,"stim/11.jpeg",1,"Household items",45,55,10,8.191999912,1,50,1
"782",245,67,"stim/21.jpeg",2,"Music items",45,55,10,11.39999986,1,50,1
"783",241,67,"stim/31.jpeg",3,"Household items",65,75,10,7.135999918,1,70,1
"784",246,67,"stim/41.jpeg",4,"Household items",65,75,100,4.342000008,1,70,1
"785",242,67,"stim/51.jpeg",5,"Music items",5,15,20,7.697000027,1,10,1
"786",244,67,"stim/61.jpeg",6,"Household items",5,15,10,10.70900011,1,10,1
"787",578,67,"stim/11.jpeg",1,"Household items",45,55,20,9.015000105,2,50,1
"788",581,67,"stim/21.jpeg",2,"Music items",45,55,10,4.509000063,2,50,1
"789",582,67,"stim/31.jpeg",3,"Household items",65,75,2,4.535000086,2,70,1
"790",583,67,"stim/41.jpeg",4,"Household items",65,75,100,3.350000143,2,70,1
"791",579,67,"stim/51.jpeg",5,"Music items",5,15,11,6.69900012,2,10,1
"792",580,67,"stim/61.jpeg",6,"Household items",5,15,40,6.480999947,2,10,1
"793",243,68,"stim/11.jpeg",1,"Music items",45,55,78,2.976000071,1,50,1
"794",242,68,"stim/21.jpeg",2,"Household items",45,55,39,4.579999924,1,50,1
"795",246,68,"stim/31.jpeg",3,"Music items",65,75,20,4.539000034,1,70,1
"796",244,68,"stim/41.jpeg",4,"Music items",65,75,91,4.032999992,1,70,1
"797",241,68,"stim/51.jpeg",5,"Household items",5,15,72,7.950000048,1,10,1
"798",245,68,"stim/61.jpeg",6,"Music items",5,15,91,2.384000063,1,10,1
"799",583,68,"stim/11.jpeg",1,"Music items",45,55,52,2.252000093,2,50,1
"800",579,68,"stim/21.jpeg",2,"Household items",45,55,36,5.960000038,2,50,1
"801",578,68,"stim/31.jpeg",3,"Music items",65,75,66,7.055999994,2,70,1
"802",580,68,"stim/41.jpeg",4,"Music items",65,75,77,2.849999905,2,70,1
"803",581,68,"stim/51.jpeg",5,"Household items",5,15,86,3.065999985,2,10,1
"804",582,68,"stim/61.jpeg",6,"Music items",5,15,34,2.914000034,2,10,1
"805",243,69,"stim/11.jpeg",1,"Household items",45,55,4,9.000999928,1,50,1
"806",245,69,"stim/21.jpeg",2,"Music items",45,55,10,12.07800007,1,50,1
"807",242,69,"stim/31.jpeg",3,"Household items",65,75,40,8.037000179,1,70,1
"808",244,69,"stim/41.jpeg",4,"Household items",65,75,NA,NA,1,70,1
"809",241,69,"stim/51.jpeg",5,"Music items",5,15,80,12.74600005,1,10,1
"810",246,69,"stim/61.jpeg",6,"Household items",5,15,95,15.74099994,1,10,1
"811",581,69,"stim/11.jpeg",1,"Household items",45,55,10,5.621000051,2,50,1
"812",578,69,"stim/21.jpeg",2,"Music items",45,55,10,15.90300012,2,50,1
"813",582,69,"stim/31.jpeg",3,"Household items",65,75,80,6.465999842,2,70,1
"814",580,69,"stim/41.jpeg",4,"Household items",65,75,89,11.31800008,2,70,1
"815",579,69,"stim/51.jpeg",5,"Music items",5,15,80,10.92499995,2,10,1
"816",583,69,"stim/61.jpeg",6,"Household items",5,15,90,5.105999947,2,10,1
"817",241,70,"stim/11.jpeg",1,"Household items",45,55,27,7.764999866,1,50,1
"818",245,70,"stim/21.jpeg",2,"Music items",45,55,57,5.453999996,1,50,1
"819",246,70,"stim/31.jpeg",3,"Household items",65,75,26,5.578999996,1,70,1
"820",242,70,"stim/41.jpeg",4,"Household items",65,75,85,4.92200017,1,70,1
"821",243,70,"stim/51.jpeg",5,"Music items",5,15,99,5.621999979,1,10,1
"822",244,70,"stim/61.jpeg",6,"Household items",5,15,99,2.845000029,1,10,1
"823",583,70,"stim/11.jpeg",1,"Household items",45,55,50,4.174000025,2,50,1
"824",582,70,"stim/21.jpeg",2,"Music items",45,55,67,5.101999998,2,50,1
"825",578,70,"stim/31.jpeg",3,"Household items",65,75,34,5.904999971,2,70,1
"826",580,70,"stim/41.jpeg",4,"Household items",65,75,77,4.718999863,2,70,1
"827",579,70,"stim/51.jpeg",5,"Music items",5,15,95,3.710999966,2,10,1
"828",581,70,"stim/61.jpeg",6,"Household items",5,15,98,3.169000149,2,10,1
"829",245,71,"stim/11.jpeg",1,"Music items",45,55,18,9.230000019,1,50,1
"830",243,71,"stim/21.jpeg",2,"Household items",45,55,10,3.739000082,1,50,1
"831",241,71,"stim/31.jpeg",3,"Music items",65,75,70,6.210999966,1,70,1
"832",244,71,"stim/41.jpeg",4,"Music items",65,75,32,3.305000067,1,70,1
"833",242,71,"stim/51.jpeg",5,"Household items",5,15,90,3.235999823,1,10,1
"834",246,71,"stim/61.jpeg",6,"Music items",5,15,88,2.797999859,1,10,1
"835",578,71,"stim/11.jpeg",1,"Music items",45,55,4,4.914000034,2,50,1
"836",580,71,"stim/21.jpeg",2,"Household items",45,55,13,3.151000023,2,50,1
"837",582,71,"stim/31.jpeg",3,"Music items",65,75,63,2.951999903,2,70,1
"838",583,71,"stim/41.jpeg",4,"Music items",65,75,38,3.012000084,2,70,1
"839",579,71,"stim/51.jpeg",5,"Household items",5,15,85,3.971000195,2,10,1
"840",581,71,"stim/61.jpeg",6,"Music items",5,15,79,4.345000029,2,10,1
"841",246,72,"stim/11.jpeg",1,"Household items",45,55,40,4.820999861,1,50,1
"842",241,72,"stim/21.jpeg",2,"Music items",45,55,40,5.744999886,1,50,1
"843",243,72,"stim/31.jpeg",3,"Household items",65,75,40,6.055999994,1,70,1
"844",242,72,"stim/41.jpeg",4,"Household items",65,75,40,4.393999815,1,70,1
"845",244,72,"stim/51.jpeg",5,"Music items",5,15,60,7.856999874,1,10,1
"846",245,72,"stim/61.jpeg",6,"Household items",5,15,40,9.230999947,1,10,1
"847",582,72,"stim/11.jpeg",1,"Household items",45,55,NA,NA,2,50,1
"848",579,72,"stim/21.jpeg",2,"Music items",45,55,NA,NA,2,50,1
"849",580,72,"stim/31.jpeg",3,"Household items",65,75,NA,NA,2,70,1
"850",578,72,"stim/41.jpeg",4,"Household items",65,75,60,8.502000093,2,70,1
"851",583,72,"stim/51.jpeg",5,"Music items",5,15,60,4.327000141,2,10,1
"852",581,72,"stim/61.jpeg",6,"Household items",5,15,NA,NA,2,10,1
"853",246,73,"stim/11.jpeg",1,"Music items",45,55,39,5.327000141,1,50,1
"854",244,73,"stim/21.jpeg",2,"Household items",45,55,30,3.437999964,1,50,1
"855",241,73,"stim/31.jpeg",3,"Music items",65,75,30,5.934000015,1,70,1
"856",242,73,"stim/41.jpeg",4,"Music items",65,75,20,3.352999926,1,70,1
"857",243,73,"stim/51.jpeg",5,"Household items",5,15,10,5.433000088,1,10,1
"858",245,73,"stim/61.jpeg",6,"Music items",5,15,90,2.70600009,1,10,1
"859",581,73,"stim/11.jpeg",1,"Music items",45,55,30,3.950000048,2,50,1
"860",579,73,"stim/21.jpeg",2,"Household items",45,55,40,1.95600009,2,50,1
"861",580,73,"stim/31.jpeg",3,"Music items",65,75,40,3.638999939,2,70,1
"862",582,73,"stim/41.jpeg",4,"Music items",65,75,90,3.641000032,2,70,1
"863",578,73,"stim/51.jpeg",5,"Household items",5,15,20,5.700999975,2,10,1
"864",583,73,"stim/61.jpeg",6,"Music items",5,15,100,1.370999813,2,10,1
"865",243,74,"stim/11.jpeg",1,"Household items",45,55,30,4.406000137,1,50,1
"866",245,74,"stim/21.jpeg",2,"Music items",45,55,4,6.528000116,1,50,1
"867",242,74,"stim/31.jpeg",3,"Household items",65,75,65,2.50999999,1,70,1
"868",244,74,"stim/41.jpeg",4,"Household items",65,75,26,7.739000082,1,70,1
"869",246,74,"stim/51.jpeg",5,"Music items",5,15,65,5.971000195,1,10,1
"870",241,74,"stim/61.jpeg",6,"Household items",5,15,70,5.94900012,1,10,1
"871",582,74,"stim/11.jpeg",1,"Household items",45,55,10,3.779999971,2,50,1
"872",580,74,"stim/21.jpeg",2,"Music items",45,55,20,4.980999947,2,50,1
"873",583,74,"stim/31.jpeg",3,"Household items",65,75,25,3.042999983,2,70,1
"874",581,74,"stim/41.jpeg",4,"Household items",65,75,30,3.144999981,2,70,1
"875",578,74,"stim/51.jpeg",5,"Music items",5,15,70,4.522000074,2,10,1
"876",579,74,"stim/61.jpeg",6,"Household items",5,15,79,4.264000177,2,10,1
"877",243,75,"stim/11.jpeg",1,"Household items",45,55,60,13.59100008,1,50,1
"878",246,75,"stim/21.jpeg",2,"Music items",45,55,40,10.7190001,1,50,1
"879",242,75,"stim/31.jpeg",3,"Household items",65,75,50,6.741000175,1,70,1
"880",241,75,"stim/41.jpeg",4,"Household items",65,75,60,9.096999884,1,70,1
"881",245,75,"stim/51.jpeg",5,"Music items",5,15,90,6.652000189,1,10,1
"882",244,75,"stim/61.jpeg",6,"Household items",5,15,90,9.65199995,1,10,1
"883",578,75,"stim/11.jpeg",1,"Household items",45,55,60,9.88499999,2,50,1
"884",583,75,"stim/21.jpeg",2,"Music items",45,55,20,12.23699999,2,50,1
"885",581,75,"stim/31.jpeg",3,"Household items",65,75,30,13.92700005,2,70,1
"886",579,75,"stim/41.jpeg",4,"Household items",65,75,70,8.003000021,2,70,1
"887",580,75,"stim/51.jpeg",5,"Music items",5,15,90,6.587000132,2,10,1
"888",582,75,"stim/61.jpeg",6,"Household items",5,15,90,5.054999828,2,10,1
"889",246,76,"stim/11.jpeg",1,"Music items",45,55,9,8.111999989,1,50,1
"890",245,76,"stim/21.jpeg",2,"Household items",45,55,5,17.52100015,1,50,1
"891",242,76,"stim/31.jpeg",3,"Music items",65,75,65,6.884000063,1,70,1
"892",241,76,"stim/41.jpeg",4,"Music items",65,75,64,9.891000032,1,70,1
"893",244,76,"stim/51.jpeg",5,"Household items",5,15,80,6.038000107,1,10,1
"894",243,76,"stim/61.jpeg",6,"Music items",5,15,82,4.170000076,1,10,1
"895",578,76,"stim/11.jpeg",1,"Music items",45,55,14,9.029000044,2,50,1
"896",580,76,"stim/21.jpeg",2,"Household items",45,55,5,4.568000078,2,50,1
"897",579,76,"stim/31.jpeg",3,"Music items",65,75,32,3.552000046,2,70,1
"898",583,76,"stim/41.jpeg",4,"Music items",65,75,74,4.801999807,2,70,1
"899",581,76,"stim/51.jpeg",5,"Household items",5,15,76,11.93199992,2,10,1
"900",582,76,"stim/61.jpeg",6,"Music items",5,15,80,2.67200017,2,10,1
"901",244,77,"stim/11.jpeg",1,"Household items",45,55,21,7.316999912,1,50,1
"902",243,77,"stim/21.jpeg",2,"Music items",45,55,23,9.067000151,1,50,1
"903",245,77,"stim/31.jpeg",3,"Household items",65,75,6,8.062000036,1,70,1
"904",246,77,"stim/41.jpeg",4,"Household items",65,75,90,9.36500001,1,70,1
"905",242,77,"stim/51.jpeg",5,"Music items",5,15,59,13.22000003,1,10,1
"906",241,77,"stim/61.jpeg",6,"Household items",5,15,40,8.219000101,1,10,1
"907",583,77,"stim/11.jpeg",1,"Household items",45,55,46,8.690999985,2,50,1
"908",580,77,"stim/21.jpeg",2,"Music items",45,55,33,13.36400008,2,50,1
"909",582,77,"stim/31.jpeg",3,"Household items",65,75,15,11.13300014,2,70,1
"910",578,77,"stim/41.jpeg",4,"Household items",65,75,89,7.600999832,2,70,1
"911",581,77,"stim/51.jpeg",5,"Music items",5,15,60,6.371999979,2,10,1
"912",579,77,"stim/61.jpeg",6,"Household items",5,15,85,1.812000036,2,10,1
"913",246,78,"stim/11.jpeg",1,"Music items",45,55,50,3.908000231,1,50,1
"914",243,78,"stim/21.jpeg",2,"Household items",45,55,60,7.071000099,1,50,1
"915",244,78,"stim/31.jpeg",3,"Music items",65,75,20,5.84800005,1,70,1
"916",242,78,"stim/41.jpeg",4,"Music items",65,75,90,4.07400012,1,70,1
"917",241,78,"stim/51.jpeg",5,"Household items",5,15,97,8.756999969,1,10,1
"918",245,78,"stim/61.jpeg",6,"Music items",5,15,97,3.59100008,1,10,1
"919",578,78,"stim/11.jpeg",1,"Music items",45,55,40,6.337000132,2,50,1
"920",580,78,"stim/21.jpeg",2,"Household items",45,55,50,4.486000061,2,50,1
"921",581,78,"stim/31.jpeg",3,"Music items",65,75,10,7.022000074,2,70,1
"922",583,78,"stim/41.jpeg",4,"Music items",65,75,95,6.571000099,2,70,1
"923",582,78,"stim/51.jpeg",5,"Household items",5,15,80,3.059000015,2,10,1
"924",579,78,"stim/61.jpeg",6,"Music items",5,15,80,3.233999968,2,10,1
"925",244,79,"stim/11.jpeg",1,"Household items",45,55,12,4.196000099,1,50,1
"926",245,79,"stim/21.jpeg",2,"Music items",45,55,96,3.351000071,1,50,1
"927",246,79,"stim/31.jpeg",3,"Household items",65,75,82,2.030999899,1,70,1
"928",241,79,"stim/41.jpeg",4,"Household items",65,75,78,17.61400008,1,70,1
"929",242,79,"stim/51.jpeg",5,"Music items",5,15,82,9.39199996,1,10,1
"930",243,79,"stim/61.jpeg",6,"Household items",5,15,69,3.525000095,1,10,1
"931",582,79,"stim/11.jpeg",1,"Household items",45,55,8,3.476999998,2,50,1
"932",578,79,"stim/21.jpeg",2,"Music items",45,55,20,6.845000029,2,50,1
"933",579,79,"stim/31.jpeg",3,"Household items",65,75,71,4.884000063,2,70,1
"934",583,79,"stim/41.jpeg",4,"Household items",65,75,20,2.515000105,2,70,1
"935",580,79,"stim/51.jpeg",5,"Music items",5,15,60,2.583999872,2,10,1
"936",581,79,"stim/61.jpeg",6,"Household items",5,15,83,3.190999985,2,10,1
"937",245,80,"stim/11.jpeg",1,"Household items",45,55,40,33.06699991,1,50,1
"938",241,80,"stim/21.jpeg",2,"Music items",45,55,43,19.41100001,1,50,1
"939",243,80,"stim/31.jpeg",3,"Household items",65,75,35,55.42199993,1,70,1
"940",246,80,"stim/41.jpeg",4,"Household items",65,75,70,16.43900013,1,70,1
"941",244,80,"stim/51.jpeg",5,"Music items",5,15,90,18.0940001,1,10,1
"942",242,80,"stim/61.jpeg",6,"Household items",5,15,95,12.34700012,1,10,1
"943",582,80,"stim/11.jpeg",1,"Household items",45,55,35,16.08800006,2,50,1
"944",581,80,"stim/21.jpeg",2,"Music items",45,55,45,7.256999969,2,50,1
"945",578,80,"stim/31.jpeg",3,"Household items",65,75,40,22.5999999,2,70,1
"946",580,80,"stim/41.jpeg",4,"Household items",65,75,80,10.61299992,2,70,1
"947",579,80,"stim/51.jpeg",5,"Music items",5,15,95,11.93599987,2,10,1
"948",583,80,"stim/61.jpeg",6,"Household items",5,15,85,27.2750001,2,10,1
